,France,Germany,Spain,Age,Salary,Purchased
0,1,0,0,44.0,72000.0,0
1,0,0,1,27.0,48000.0,1
2,0,1,0,30.0,54000.0,0
3,0,0,1,38.0,61000.0,0
4,0,1,0,40.0,63777.77777777778,1
5,1,0,0,35.0,58000.0,1
6,0,0,1,38.77777777777778,52000.0,0
7,1,0,0,48.0,79000.0,1
8,1,0,0,50.0,83000.0,0
9,1,0,0,37.0,67000.0,1
